Student_ID,Age,Gender,Study_Hours_per_Week,Preferred_Learning_Style,Online_Courses_Completed,Participation_in_Discussions,Assignment_Completion_Rate (%),Exam_Score (%),Attendance_Rate (%),Use_of_Educational_Tech,Self_Reported_Stress_Level,Time_Spent_on_Social_Media (hours/week),Sleep_Hours_per_Night,Final_Grade
S00001,18,Female,48,Kinesthetic,14,Yes,100,69,66,Yes,High,9,8,C
S00002,29,Female,30,Reading/Writing,20,No,71,40,57,Yes,Medium,28,8,D
S00003,20,Female,47,Kinesthetic,11,No,60,43,79,Yes,Low,13,7,D
S00004,23,Female,13,Auditory,0,Yes,63,70,60,Yes,Low,24,10,B
S00005,19,Female,24,Auditory,19,Yes,59,63,93,Yes,Medium,26,8,C
S00006,28,Female,26,Kinesthetic,5,Yes,63,54,80,No,High,25,8,D
S00007,19,Female,49,Reading/Writing,13,Yes,91,44,66,Yes,Low,30,10,D
S00008,27,Male,14,Reading/Writing,5,Yes,88,56,76,Yes,Low,4,6,C
S00009,22,Male,45,Visual,16,No,52,78,70,No,Low,26,9,B
S00010,28,Other,35,Auditory,7,No,100,55,100,No,Medium,5,9,C
S00011,23,Male,40,Kinesthetic,20,No,74,44,93,No,Medium,15,10,D
S00012,23,Male,14,Visual,18,Yes,77,56,74,No,High,9,6,C
S00013,23,Female,24,Visual,4,No,67,73,93,Yes,Medium,28,7,B
S00014,27,Male,44,Reading/Writing,20,No,80,60,51,Yes,Low,27,6,C
S00015,22,Other,10,Reading/Writing,17,Yes,67,71,55,Yes,High,28,8,B
S00016,25,Female,28,Reading/Writing,13,Yes,85,90,76,Yes,Medium,5,8,A
S00017,19,Male,11,Visual,20,Yes,81,93,93,No,Medium,6,9,A
S00018,18,Male,8,Kinesthetic,9,Yes,52,97,69,No,Low,1,5,A
S00019,22,Male,11,Kinesthetic,11,No,50,74,96,Yes,Medium,13,7,B
S00020,19,Female,28,Auditory,19,No,50,64,80,Yes,Medium,20,8,C
S00021,19,Male,30,Reading/Writing,0,Yes,89,97,90,Yes,Low,26,10,A
S00022,20,Male,48,Visual,16,Yes,81,76,82,Yes,Medium,29,9,B
S00023,18,Female,14,Reading/Writing,4,Yes,90,75,73,Yes,High,12,9,B
S00024,25,Male,41,Reading/Writing,6,Yes,68,93,100,No,Medium,23,7,A
S00025,25,Female,36,Visual,3,Yes,96,83,66,Yes,Low,8,7,B
S00026,22,Female,38,Reading/Writing,7,Yes,91,61,50,Yes,Low,19,10,C
S00027,19,Male,48,Kinesthetic,1,Yes,86,52,86,Yes,Low,30,9,D
S00028,19,Male,40,Auditory,16,Yes,100,63,74,No,Medium,29,7,C
S00029,24,Female,39,Kinesthetic,9,No,79,90,91,Yes,Medium,21,6,A
S00030,29,Male,39,Visual,5,No,76,41,79,No,Low,20,5,D
S00031,20,Male,23,Kinesthetic,3,Yes,59,57,81,Yes,Medium,9,5,C
S00032,22,Female,6,Auditory,18,No,85,80,76,No,Medium,16,7,B
S00033,23,Male,25,Auditory,12,Yes,55,63,85,Yes,High,14,4,C
S00034,25,Other,6,Visual,10,Yes,96,100,71,Yes,Medium,2,7,A
S00035,28,Female,32,Auditory,5,No,53,54,96,Yes,High,0,10,D
S00036,19,Male,41,Auditory,12,Yes,57,60,67,No,Medium,15,5,C
S00037,26,Female,26,Kinesthetic,3,Yes,53,48,76,No,Low,19,4,D
S00038,20,Female,11,Visual,3,Yes,58,73,62,No,Medium,22,7,B
S00039,21,Female,20,Kinesthetic,1,Yes,64,99,62,No,High,2,4,A
S00040,24,Male,12,Visual,8,Yes,98,65,58,Yes,Medium,0,5,C
S00041,27,Male,41,Reading/Writing,14,No,65,56,74,Yes,Low,26,9,C
S00042,28,Female,46,Kinesthetic,8,No,77,51,88,Yes,Low,23,5,D
S00043,25,Other,24,Auditory,19,No,90,93,54,Yes,High,17,9,A
S00044,22,Female,38,Auditory,5,Yes,96,54,92,No,High,16,5,D
S00045,20,Female,45,Visual,9,No,78,42,58,Yes,Low,24,8,D
S00046,28,Other,6,Visual,13,No,81,92,90,No,Medium,6,10,A
S00047,26,Female,23,Visual,10,No,94,42,65,Yes,Medium,11,6,D
S00048,25,Male,35,Auditory,16,Yes,50,83,88,Yes,High,8,4,B
S00049,19,Male,12,Kinesthetic,5,Yes,50,78,66,Yes,Low,0,8,B
S00050,25,Female,38,Kinesthetic,6,Yes,88,76,100,Yes,Low,12,9,B
S00051,19,Male,44,Auditory,17,Yes,98,44,66,Yes,High,4,4,D
S00052,21,Female,33,Visual,9,Yes,99,87,79,No,High,21,7,A
S00053,23,Female,26,Visual,3,Yes,62,64,71,Yes,Low,10,6,C
S00054,19,Male,47,Kinesthetic,2,No,52,44,84,Yes,Medium,11,10,D
S00055,25,Male,39,Reading/Writing,15,Yes,88,89,63,No,Medium,5,5,A
S00056,23,Male,21,Visual,1,Yes,89,59,74,Yes,Medium,18,8,C
S00057,21,Female,5,Visual,19,Yes,71,69,77,Yes,High,30,6,C
S00058,29,Male,19,Reading/Writing,5,No,53,85,71,No,Medium,29,9,A
S00059,29,Female,36,Reading/Writing,17,Yes,52,46,51,Yes,Low,27,7,D
S00060,20,Male,14,Kinesthetic,2,Yes,52,83,77,Yes,High,19,9,B
S00061,25,Female,41,Kinesthetic,6,Yes,59,69,53,No,Low,11,6,C
S00062,26,Female,32,Reading/Writing,7,Yes,71,94,89,No,Low,18,10,A
S00063,18,Male,21,Kinesthetic,12,Yes,100,55,75,No,Medium,28,4,C
S00064,20,Female,21,Kinesthetic,10,Yes,72,44,83,Yes,Low,12,6,D
S00065,24,Female,31,Kinesthetic,6,Yes,88,60,77,Yes,Low,11,6,C
S00066,24,Female,9,Kinesthetic,11,No,88,95,87,No,Medium,23,5,A
S00067,24,Male,12,Kinesthetic,14,No,57,57,73,Yes,Medium,4,7,C
S00068,27,Male,42,Auditory,11,No,83,66,60,No,Medium,21,7,C
S00069,19,Male,11,Visual,3,No,91,73,73,No,Medium,2,9,B
S00070,18,Female,35,Visual,2,No,96,54,96,Yes,High,5,9,D
S00071,22,Male,9,Reading/Writing,7,Yes,53,72,87,No,Medium,10,8,B
S00072,20,Female,46,Visual,13,No,55,45,52,No,Medium,7,7,D
S00073,23,Male,9,Visual,3,Yes,53,83,78,No,Low,2,8,B
S00074,19,Male,7,Auditory,12,No,79,76,72,Yes,Medium,10,5,B
S00075,25,Male,22,Visual,6,No,75,88,68,No,Medium,19,9,A
S00076,29,Female,34,Auditory,3,Yes,53,47,99,No,Medium,27,6,D
S00077,25,Female,31,Reading/Writing,11,Yes,76,80,69,Yes,Low,24,5,B
S00078,23,Male,38,Kinesthetic,0,Yes,62,93,96,Yes,Medium,5,6,A
S00079,26,Male,39,Reading/Writing,15,No,88,53,57,Yes,High,13,8,D
S00080,25,Female,23,Visual,5,Yes,62,76,61,Yes,High,0,6,B
S00081,24,Male,43,Reading/Writing,16,Yes,61,54,63,Yes,Low,23,8,D
S00082,20,Female,34,Kinesthetic,18,No,76,57,61,Yes,Medium,25,5,C
S00083,23,Male,12,Visual,8,Yes,75,70,52,Yes,Low,10,8,B
S00084,28,Female,28,Reading/Writing,0,Yes,98,99,99,Yes,Medium,1,4,A
S00085,18,Male,23,Reading/Writing,0,No,89,81,70,Yes,Medium,13,9,B
S00086,19,Female,35,Kinesthetic,9,Yes,90,61,92,No,Medium,2,8,C
S00087,20,Male,5,Reading/Writing,14,No,71,44,61,No,Medium,2,5,D
S00088,29,Female,11,Visual,4,Yes,74,59,80,No,Medium,18,4,C
S00089,24,Female,24,Visual,9,Yes,55,51,95,Yes,Medium,2,10,D
S00090,19,Female,15,Reading/Writing,15,Yes,61,94,54,No,High,20,10,A
S00091,25,Female,40,Auditory,15,Yes,58,88,87,No,Low,28,7,A
S00092,27,Female,12,Reading/Writing,19,Yes,58,92,86,No,Low,26,5,A
S00093,26,Male,8,Kinesthetic,17,No,63,43,72,Yes,Medium,26,4,D
S00094,29,Female,12,Reading/Writing,15,Yes,57,74,57,No,Medium,13,8,B
S00095,29,Female,22,Visual,6,No,100,61,87,Yes,Medium,19,5,C
S00096,19,Male,25,Visual,12,Yes,80,94,52,Yes,Low,15,10,A
S00097,26,Female,16,Auditory,9,No,81,75,75,No,Medium,19,9,B
S00098,28,Female,39,Reading/Writing,13,No,100,100,96,Yes,Medium,15,8,A
S00099,22,Female,34,Reading/Writing,17,No,86,44,95,Yes,Low,12,9,D
S00100,24,Male,30,Kinesthetic,7,No,80,93,80,Yes,Low,1,7,A
S00101,23,Female,11,Auditory,10,No,63,47,81,Yes,Low,0,4,D
S00102,26,Male,16,Reading/Writing,14,Yes,89,83,59,Yes,High,12,4,B
S00103,20,Male,47,Auditory,5,No,73,68,59,Yes,Low,29,10,C
S00104,18,Female,49,Visual,6,No,91,55,59,Yes,Medium,19,8,C
S00105,26,Male,16,Kinesthetic,19,No,54,55,62,Yes,High,15,5,C
S00106,19,Female,38,Kinesthetic,0,Yes,74,40,68,No,Medium,27,9,D
S00107,22,Male,41,Reading/Writing,18,Yes,56,54,81,Yes,Low,7,6,D
S00108,22,Female,46,Reading/Writing,17,No,54,71,78,No,High,26,5,B
S00109,21,Female,5,Reading/Writing,20,Yes,63,84,54,Yes,Medium,14,8,B
S00110,23,Female,23,Reading/Writing,7,Yes,61,98,50,Yes,Low,4,4,A
S00111,23,Male,10,Reading/Writing,17,No,52,61,51,Yes,High,17,4,C
S00112,25,Female,45,Kinesthetic,20,Yes,75,42,92,Yes,Medium,28,6,D
S00113,21,Female,48,Visual,6,Yes,66,78,86,Yes,Medium,14,7,B
S00114,27,Female,31,Reading/Writing,1,Yes,79,57,58,No,Low,20,7,C
S00115,24,Male,33,Auditory,18,Yes,59,62,69,No,Low,8,10,C
S00116,19,Female,23,Visual,6,No,56,59,81,Yes,Medium,27,10,C
S00117,28,Female,23,Visual,2,No,76,89,98,No,High,28,10,A
S00118,27,Male,13,Reading/Writing,5,No,79,63,80,Yes,Medium,5,8,C
S00119,28,Female,36,Kinesthetic,0,No,52,48,68,Yes,High,15,8,D
S00120,28,Male,16,Visual,10,Yes,67,57,55,Yes,High,30,10,C
S00121,21,Female,15,Kinesthetic,16,No,97,95,72,Yes,Medium,4,4,A
S00122,29,Other,26,Auditory,0,Yes,73,65,79,No,Medium,2,8,C
S00123,24,Female,10,Visual,2,No,61,40,75,No,Low,23,5,D
S00124,25,Female,30,Auditory,4,No,58,81,57,Yes,Medium,27,8,B
S00125,21,Female,48,Kinesthetic,8,No,89,96,61,Yes,High,11,6,A
S00126,25,Female,24,Visual,2,No,73,79,70,No,High,15,7,B
S00127,22,Female,39,Kinesthetic,6,Yes,64,74,52,Yes,Medium,20,4,B
S00128,28,Male,29,Auditory,19,No,99,83,92,No,Low,4,8,B
S00129,26,Other,40,Visual,2,Yes,91,59,61,Yes,Medium,23,7,C
S00130,29,Female,30,Reading/Writing,17,Yes,92,77,52,No,Medium,2,7,B
S00131,26,Female,14,Kinesthetic,16,Yes,89,73,67,Yes,Low,6,5,B
S00132,28,Male,32,Kinesthetic,2,No,66,79,61,No,Medium,20,8,B
S00133,21,Male,10,Kinesthetic,4,Yes,58,58,88,Yes,High,5,4,C
S00134,18,Male,15,Reading/Writing,0,Yes,97,64,57,Yes,Medium,7,9,C
S00135,20,Male,11,Kinesthetic,17,Yes,95,97,92,No,Medium,4,10,A
S00136,28,Other,27,Reading/Writing,14,Yes,83,45,74,Yes,High,9,9,D
S00137,27,Female,12,Visual,5,Yes,68,87,52,No,Medium,19,8,A
S00138,18,Male,14,Visual,2,Yes,84,80,84,No,Low,7,9,B
S00139,21,Female,42,Kinesthetic,5,No,53,84,93,Yes,Low,16,4,B
S00140,27,Female,40,Visual,19,No,60,83,57,Yes,Low,21,10,B
S00141,23,Female,21,Auditory,11,No,79,56,84,Yes,Medium,13,5,C
S00142,27,Male,17,Auditory,6,No,100,68,96,Yes,Low,13,9,C
S00143,23,Female,43,Auditory,14,Yes,67,83,80,Yes,Medium,15,7,B
S00144,23,Female,7,Auditory,11,No,73,95,59,Yes,Medium,8,8,A
S00145,21,Male,23,Visual,14,Yes,89,70,96,Yes,High,1,6,B
S00146,21,Male,12,Reading/Writing,4,Yes,76,44,93,Yes,Low,0,4,D
S00147,20,Male,27,Reading/Writing,14,Yes,63,45,73,Yes,Medium,27,6,D
S00148,21,Female,17,Visual,18,Yes,93,92,53,Yes,Low,8,7,A
S00149,25,Male,42,Reading/Writing,8,Yes,70,88,86,Yes,Low,19,8,A
S00150,18,Female,35,Visual,1,No,60,76,85,Yes,Medium,18,6,B
S00151,20,Female,37,Reading/Writing,13,Yes,52,55,80,No,Low,5,7,C
S00152,28,Male,16,Visual,2,Yes,50,96,68,Yes,Medium,11,5,A
S00153,28,Female,20,Visual,11,Yes,93,59,96,No,High,16,5,C
S00154,23,Male,30,Kinesthetic,18,No,68,80,77,Yes,Medium,23,5,B
S00155,21,Male,30,Auditory,10,No,68,53,69,Yes,Low,13,4,D
S00156,21,Male,46,Visual,19,No,91,92,91,No,Medium,15,8,A
S00157,26,Female,36,Kinesthetic,11,Yes,60,78,97,Yes,High,18,4,B
S00158,20,Female,45,Visual,14,Yes,62,74,58,Yes,High,19,4,B
S00159,28,Male,11,Auditory,8,No,89,48,52,No,Medium,2,5,D
S00160,23,Male,42,Reading/Writing,8,No,84,54,55,Yes,Low,13,9,D
S00161,29,Male,15,Auditory,9,No,89,71,51,Yes,Medium,11,10,B
S00162,27,Male,29,Kinesthetic,18,Yes,94,98,57,Yes,Low,29,9,A
S00163,18,Female,6,Kinesthetic,4,No,50,46,97,Yes,Medium,0,4,D
S00164,24,Female,6,Auditory,8,No,61,63,85,Yes,Medium,22,7,C
S00165,19,Male,47,Reading/Writing,11,Yes,56,72,52,Yes,Low,7,9,B
S00166,25,Male,20,Kinesthetic,10,Yes,61,59,98,Yes,Medium,21,4,C
S00167,22,Male,10,Reading/Writing,15,No,63,80,80,Yes,Low,19,4,B
S00168,20,Male,49,Visual,3,Yes,69,47,56,Yes,High,6,9,D
S00169,21,Male,24,Visual,0,Yes,71,78,74,Yes,Medium,12,6,B
S00170,28,Female,40,Reading/Writing,19,No,90,44,74,Yes,Low,18,9,D
S00171,29,Male,8,Visual,1,Yes,91,92,83,No,Low,3,10,A
S00172,22,Male,5,Auditory,3,Yes,86,61,96,Yes,Low,7,4,C
S00173,27,Male,35,Auditory,8,No,81,53,76,No,Low,22,4,D
S00174,27,Other,21,Visual,9,No,72,45,98,No,High,14,6,D
S00175,27,Female,43,Reading/Writing,11,Yes,66,80,99,Yes,High,2,6,B
S00176,18,Male,16,Visual,20,Yes,76,65,51,Yes,Medium,15,9,C
S00177,24,Female,49,Visual,7,No,64,53,63,Yes,High,9,6,D
S00178,19,Male,27,Reading/Writing,9,Yes,53,41,64,Yes,Low,1,5,D
S00179,28,Male,18,Visual,12,No,74,73,93,Yes,Medium,21,10,B
S00180,29,Female,31,Visual,0,Yes,80,94,61,Yes,Low,5,9,A
S00181,21,Male,20,Reading/Writing,19,Yes,59,53,74,Yes,Medium,22,4,D
S00182,28,Male,39,Kinesthetic,3,No,87,77,89,Yes,Low,8,4,B
S00183,27,Male,26,Reading/Writing,9,No,51,65,67,No,Medium,16,6,C
S00184,21,Male,39,Auditory,13,Yes,70,75,82,No,Low,4,10,B
S00185,23,Male,28,Auditory,12,Yes,65,46,55,Yes,Medium,6,4,D
S00186,18,Female,41,Reading/Writing,6,Yes,61,87,70,Yes,Low,29,8,A
S00187,18,Female,21,Auditory,8,Yes,87,48,55,No,Medium,30,5,D
S00188,26,Female,8,Visual,2,No,88,96,74,Yes,Low,6,6,A
S00189,21,Female,26,Auditory,3,Yes,62,81,90,No,Medium,0,10,B
S00190,22,Male,32,Auditory,8,No,89,48,60,Yes,Low,29,4,D
S00191,23,Female,13,Visual,16,Yes,95,86,51,Yes,Low,22,9,A
S00192,24,Female,34,Auditory,13,No,50,79,59,Yes,Medium,13,7,B
S00193,23,Male,17,Reading/Writing,18,Yes,85,54,70,Yes,Medium,12,4,D
S00194,28,Male,9,Auditory,5,No,76,91,91,Yes,High,20,8,A
S00195,27,Female,45,Kinesthetic,4,Yes,85,86,57,No,Medium,2,8,A
S00196,29,Female,26,Reading/Writing,4,No,67,78,82,No,Low,15,9,B
S00197,20,Male,39,Kinesthetic,20,No,96,84,73,No,High,14,6,B
S00198,24,Male,24,Auditory,20,Yes,52,51,96,Yes,Medium,25,10,D
S00199,19,Male,29,Kinesthetic,11,Yes,77,69,98,No,Medium,12,5,C
S00200,28,Male,14,Kinesthetic,2,No,71,77,65,No,Medium,26,10,B
S00201,27,Male,22,Kinesthetic,3,Yes,66,69,65,Yes,Medium,1,9,C
S00202,22,Male,38,Auditory,1,No,72,73,77,No,Medium,14,4,B
S00203,22,Male,5,Visual,14,Yes,71,71,66,No,Medium,4,9,B
S00204,26,Female,8,Visual,1,No,70,54,88,Yes,Low,21,5,D
S00205,22,Male,42,Reading/Writing,16,Yes,78,63,89,Yes,High,8,10,C
S00206,24,Female,40,Visual,13,No,93,88,53,Yes,Medium,15,5,A
S00207,26,Male,36,Kinesthetic,6,Yes,67,88,68,Yes,High,8,10,A
S00208,25,Female,38,Reading/Writing,1,Yes,83,51,74,Yes,Low,13,5,D
S00209,22,Female,30,Kinesthetic,15,Yes,96,40,75,No,Low,16,8,D
S00210,27,Male,32,Visual,15,Yes,71,40,71,No,Medium,4,4,D
S00211,18,Female,42,Kinesthetic,17,Yes,98,50,73,Yes,Low,20,5,D
S00212,22,Male,23,Reading/Writing,14,No,91,90,76,No,Low,27,10,A
S00213,21,Female,37,Reading/Writing,17,Yes,78,61,63,Yes,Medium,12,10,C
S00214,18,Male,12,Visual,4,No,54,68,63,Yes,High,23,10,C
S00215,29,Male,32,Auditory,4,Yes,64,85,55,Yes,Medium,12,6,A
S00216,25,Male,12,Reading/Writing,14,No,72,73,83,Yes,Medium,0,6,B
S00217,19,Male,11,Reading/Writing,1,Yes,53,91,100,Yes,High,3,6,A
S00218,19,Female,20,Kinesthetic,17,Yes,51,79,65,Yes,Medium,13,8,B
S00219,20,Female,41,Visual,10,No,65,91,54,Yes,Medium,22,10,A
S00220,26,Male,18,Reading/Writing,14,Yes,52,94,64,No,Low,22,8,A
S00221,24,Male,46,Auditory,1,Yes,70,76,93,No,Medium,7,5,B
S00222,29,Male,13,Visual,12,Yes,59,58,83,Yes,Medium,1,7,C
S00223,25,Male,41,Reading/Writing,13,Yes,55,52,51,Yes,Medium,3,6,D
S00224,27,Male,26,Auditory,16,Yes,53,78,98,Yes,Medium,3,5,B
S00225,26,Female,48,Kinesthetic,19,Yes,91,60,100,Yes,High,18,6,C
S00226,26,Female,34,Visual,4,Yes,61,77,51,No,Low,15,10,B
S00227,28,Male,31,Auditory,10,No,78,85,86,No,Medium,27,9,A
S00228,20,Female,20,Reading/Writing,8,No,54,44,94,Yes,High,8,8,D
S00229,19,Female,37,Kinesthetic,4,Yes,73,45,60,No,Low,16,7,D
S00230,27,Male,42,Kinesthetic,19,Yes,73,79,54,No,Low,21,6,B
S00231,28,Female,28,Visual,9,No,67,60,53,Yes,Low,7,9,C
S00232,27,Female,45,Visual,16,No,55,67,60,Yes,Low,13,9,C
S00233,21,Female,8,Reading/Writing,10,Yes,79,75,55,Yes,High,11,9,B
S00234,21,Male,23,Kinesthetic,4,Yes,91,84,83,Yes,Medium,19,6,B
S00235,28,Male,18,Reading/Writing,8,No,94,55,96,No,Medium,14,9,C
S00236,22,Male,8,Kinesthetic,3,No,60,42,68,No,Low,22,8,D
S00237,22,Male,49,Kinesthetic,10,No,55,56,56,Yes,Medium,25,10,C
S00238,21,Female,25,Auditory,19,Yes,79,77,62,No,Medium,20,4,B
S00239,29,Male,12,Visual,20,Yes,98,73,87,No,Medium,16,6,B
S00240,27,Female,42,Auditory,14,No,76,77,75,No,Medium,27,8,B
S00241,19,Female,48,Visual,2,Yes,71,56,78,Yes,Low,1,5,C
S00242,21,Male,46,Visual,19,Yes,51,84,79,Yes,Medium,22,6,B
S00243,21,Male,30,Auditory,2,Yes,94,46,51,No,Low,22,7,D
S00244,29,Female,12,Visual,3,No,50,45,93,Yes,Medium,30,6,D
S00245,22,Female,28,Auditory,3,Yes,66,87,68,No,Medium,13,5,A
S00246,28,Male,10,Visual,5,Yes,56,45,99,Yes,Low,12,7,D
S00247,20,Female,33,Visual,4,Yes,90,87,64,Yes,Medium,9,6,A
S00248,27,Male,41,Visual,15,Yes,66,99,84,No,Medium,14,10,A
S00249,25,Female,36,Kinesthetic,18,Yes,78,59,99,No,Medium,4,7,C
S00250,21,Male,48,Reading/Writing,17,Yes,97,84,78,Yes,Low,19,7,B
S00251,26,Female,5,Auditory,19,Yes,77,59,87,No,Low,9,5,C
S00252,27,Female,21,Auditory,0,No,73,89,67,Yes,High,29,6,A
S00253,29,Male,21,Auditory,4,No,86,40,89,Yes,Low,25,10,D
S00254,29,Female,24,Kinesthetic,5,No,50,52,78,Yes,Medium,30,6,D
S00255,22,Male,24,Kinesthetic,4,No,61,71,91,Yes,Medium,28,5,B
S00256,28,Male,27,Reading/Writing,0,No,89,46,96,Yes,Medium,0,5,D
S00257,21,Female,16,Auditory,19,Yes,58,69,84,Yes,Low,4,4,C
S00258,21,Other,24,Kinesthetic,16,Yes,51,64,98,Yes,Low,9,9,C
S00259,27,Female,10,Visual,14,Yes,55,85,85,Yes,Low,27,4,A
S00260,29,Female,29,Reading/Writing,2,Yes,82,76,68,Yes,Medium,14,7,B
S00261,27,Female,6,Kinesthetic,4,No,77,67,99,No,Medium,18,9,C
S00262,18,Female,35,Auditory,18,No,57,75,97,No,Medium,23,7,B
S00263,29,Female,25,Reading/Writing,11,Yes,57,59,55,Yes,Medium,9,10,C
S00264,20,Male,12,Kinesthetic,8,No,67,65,71,Yes,Medium,22,10,C
S00265,28,Male,26,Kinesthetic,5,Yes,67,75,84,Yes,Low,19,7,B
S00266,20,Female,32,Visual,4,Yes,72,55,86,Yes,Low,28,10,C
S00267,22,Female,13,Auditory,6,Yes,85,84,76,Yes,High,1,10,B
S00268,28,Female,6,Auditory,0,No,59,88,70,No,Medium,12,5,A
S00269,29,Female,29,Kinesthetic,3,No,69,82,79,Yes,Medium,18,4,B
S00270,19,Female,17,Reading/Writing,2,No,55,46,71,Yes,High,20,6,D
S00271,18,Male,33,Reading/Writing,17,No,79,44,95,Yes,Low,15,10,D
S00272,25,Other,39,Auditory,2,Yes,96,92,94,Yes,High,21,10,A
S00273,24,Female,10,Visual,16,No,81,68,66,Yes,Medium,11,4,C
S00274,19,Male,36,Visual,10,Yes,63,45,59,Yes,High,7,10,D
S00275,23,Female,35,Auditory,17,No,75,84,63,No,High,5,9,B
S00276,26,Male,39,Visual,5,Yes,77,66,87,Yes,Low,24,5,C
S00277,20,Female,25,Reading/Writing,15,Yes,53,94,51,Yes,Medium,20,10,A
S00278,27,Female,27,Reading/Writing,18,No,87,81,85,Yes,High,22,10,B
S00279,23,Male,12,Visual,9,No,65,42,89,Yes,Medium,0,4,D
S00280,18,Female,12,Reading/Writing,17,No,74,66,82,Yes,Low,6,6,C
S00281,18,Male,13,Visual,0,No,97,50,85,Yes,Low,4,6,D
S00282,23,Male,28,Reading/Writing,1,No,61,71,91,Yes,Low,0,10,B
S00283,21,Female,25,Kinesthetic,9,Yes,87,46,64,Yes,High,2,5,D
S00284,23,Female,43,Kinesthetic,12,Yes,70,49,81,Yes,Medium,1,9,D
S00285,25,Female,34,Kinesthetic,16,Yes,63,67,72,Yes,Medium,5,4,C
S00286,26,Male,29,Reading/Writing,14,No,100,54,64,Yes,Medium,17,7,D
S00287,24,Male,26,Kinesthetic,12,Yes,59,93,68,Yes,Low,8,6,A
S00288,20,Female,39,Reading/Writing,3,Yes,73,82,78,Yes,Medium,29,9,B
S00289,25,Male,28,Kinesthetic,5,Yes,97,48,53,Yes,High,19,4,D
S00290,26,Male,43,Kinesthetic,17,No,93,69,95,Yes,Medium,0,5,C
S00291,25,Female,28,Reading/Writing,18,No,77,62,69,Yes,Low,11,10,C
S00292,27,Male,12,Kinesthetic,9,Yes,100,47,58,Yes,Medium,19,9,D
S00293,25,Male,26,Auditory,8,Yes,84,92,69,No,High,15,4,A
S00294,28,Male,43,Auditory,6,No,90,86,87,Yes,Low,10,6,A
S00295,26,Male,42,Visual,10,Yes,68,61,55,Yes,Medium,7,8,C
S00296,26,Male,40,Kinesthetic,0,No,91,52,51,No,Medium,29,7,D
S00297,25,Male,33,Auditory,15,No,64,50,93,Yes,Low,1,6,D
S00298,19,Male,15,Visual,1,Yes,79,46,59,Yes,High,22,7,D
S00299,18,Female,29,Visual,8,No,79,71,86,No,Medium,3,5,B
S00300,28,Female,21,Kinesthetic,17,Yes,60,99,78,No,Low,13,8,A
S00301,23,Male,5,Auditory,17,Yes,92,40,83,No,Medium,9,10,D
S00302,25,Male,11,Auditory,11,No,77,81,98,Yes,High,22,5,B
S00303,28,Female,39,Reading/Writing,16,No,83,58,77,No,High,9,8,C
S00304,20,Female,10,Auditory,3,No,52,75,77,Yes,Low,22,7,B
S00305,21,Female,40,Auditory,1,Yes,91,57,70,No,Low,20,5,C
S00306,28,Male,15,Visual,14,No,82,98,97,No,High,10,8,A
S00307,18,Male,21,Kinesthetic,13,No,100,47,67,No,Medium,12,10,D
S00308,27,Female,5,Visual,8,Yes,99,60,89,No,Medium,8,8,C
S00309,25,Male,27,Auditory,17,No,82,84,78,No,Low,30,7,B
S00310,28,Male,46,Auditory,20,No,67,50,51,Yes,Medium,10,10,D
S00311,25,Female,9,Kinesthetic,14,No,95,42,59,No,Medium,22,10,D
S00312,24,Female,45,Kinesthetic,14,Yes,92,41,74,Yes,Medium,8,4,D
S00313,24,Male,24,Visual,16,Yes,98,50,80,Yes,Medium,1,10,D
S00314,20,Male,44,Auditory,15,Yes,93,60,96,No,Low,19,6,C
S00315,21,Female,28,Auditory,8,Yes,53,84,70,No,High,12,8,B
S00316,21,Female,31,Kinesthetic,18,Yes,61,92,85,Yes,Medium,6,6,A
S00317,22,Other,33,Kinesthetic,5,Yes,64,85,52,No,Medium,2,6,A
S00318,24,Male,38,Auditory,6,Yes,100,84,99,Yes,Medium,7,9,B
S00319,19,Male,40,Reading/Writing,16,Yes,71,42,94,Yes,Medium,26,6,D
S00320,25,Female,16,Reading/Writing,17,Yes,84,63,91,Yes,Medium,0,8,C
S00321,23,Male,16,Auditory,1,Yes,79,59,98,Yes,Medium,9,5,C
S00322,22,Female,44,Kinesthetic,9,Yes,95,100,74,No,Medium,28,8,A
S00323,19,Female,26,Kinesthetic,0,Yes,67,74,89,No,Medium,4,4,B
S00324,28,Male,12,Reading/Writing,3,No,95,52,78,Yes,Medium,5,8,D
S00325,23,Female,48,Reading/Writing,15,Yes,51,64,50,Yes,Low,14,7,C
S00326,19,Female,9,Auditory,5,Yes,100,49,95,Yes,Low,13,8,D
S00327,21,Female,23,Reading/Writing,2,Yes,54,98,95,No,Medium,0,5,A
S00328,23,Male,38,Visual,5,Yes,70,76,76,Yes,Medium,16,4,B
S00329,27,Male,23,Auditory,11,Yes,68,55,80,No,Medium,9,6,C
S00330,20,Female,30,Reading/Writing,11,Yes,54,80,89,Yes,Low,1,5,B
S00331,24,Other,40,Reading/Writing,4,Yes,95,73,87,Yes,Medium,21,4,B
S00332,25,Male,48,Auditory,14,No,76,63,71,Yes,High,1,6,C
S00333,22,Female,48,Visual,6,Yes,96,91,95,No,Medium,16,5,A
S00334,26,Male,8,Visual,18,No,72,70,90,Yes,Medium,10,7,B
S00335,26,Male,38,Auditory,19,No,64,52,63,Yes,Low,9,6,D
S00336,27,Female,46,Kinesthetic,13,No,82,89,62,Yes,Medium,1,5,A
S00337,23,Female,49,Kinesthetic,11,Yes,68,93,56,No,High,29,7,A
S00338,21,Male,8,Reading/Writing,9,Yes,57,78,63,No,Medium,19,6,B
S00339,23,Female,10,Auditory,0,No,53,69,79,Yes,Low,13,7,C
S00340,25,Male,13,Auditory,5,No,68,67,51,Yes,High,18,5,C
S00341,21,Male,7,Kinesthetic,14,No,61,46,81,Yes,Low,18,9,D
S00342,18,Male,19,Kinesthetic,10,No,92,96,92,No,Medium,30,6,A
S00343,23,Male,20,Visual,13,Yes,77,74,79,Yes,Medium,13,6,B
S00344,23,Male,43,Reading/Writing,10,No,85,44,97,No,High,28,4,D
S00345,20,Male,11,Kinesthetic,8,Yes,81,77,59,Yes,Medium,13,6,B
S00346,23,Female,12,Reading/Writing,3,No,92,74,73,Yes,Medium,8,7,B
S00347,26,Male,42,Auditory,14,No,52,100,95,No,High,3,8,A
S00348,19,Female,44,Visual,2,Yes,70,87,84,No,Medium,13,4,A
S00349,24,Male,7,Auditory,16,No,95,53,55,No,Medium,26,7,D
S00350,22,Female,8,Reading/Writing,19,No,62,92,53,Yes,Low,26,9,A
S00351,29,Female,43,Reading/Writing,1,No,65,47,89,Yes,Low,19,9,D
S00352,28,Female,35,Auditory,14,No,72,51,56,Yes,High,13,5,D
S00353,20,Female,23,Visual,12,No,54,47,80,No,Medium,17,5,D
S00354,29,Male,28,Visual,9,Yes,58,84,53,Yes,Medium,0,9,B
S00355,19,Male,34,Auditory,17,No,64,60,69,Yes,Low,26,8,C
S00356,24,Female,21,Auditory,20,No,51,60,56,Yes,High,2,8,C
S00357,27,Female,5,Auditory,19,Yes,89,47,80,Yes,Low,28,10,D
S00358,25,Other,49,Auditory,12,No,76,70,55,No,Low,17,9,B
S00359,26,Male,15,Kinesthetic,3,Yes,55,86,55,Yes,High,12,8,A
S00360,29,Female,17,Kinesthetic,9,No,52,69,67,No,High,20,8,C
S00361,25,Male,10,Auditory,10,Yes,91,64,69,Yes,High,7,10,C
S00362,20,Male,6,Auditory,13,Yes,90,77,87,Yes,Medium,10,4,B
S00363,26,Female,12,Kinesthetic,5,No,89,78,61,No,High,1,5,B
S00364,18,Female,30,Reading/Writing,5,No,77,55,56,Yes,High,20,9,C
S00365,19,Male,44,Reading/Writing,0,No,64,56,98,No,Medium,27,5,C
S00366,22,Female,45,Auditory,7,No,63,75,60,Yes,Low,4,6,B
S00367,29,Male,8,Reading/Writing,15,No,64,76,87,Yes,Medium,15,5,B
S00368,19,Male,45,Reading/Writing,15,No,92,84,91,Yes,High,18,7,B
S00369,27,Male,34,Visual,5,Yes,93,45,89,Yes,Medium,5,8,D
S00370,24,Female,26,Visual,7,No,91,42,50,Yes,Low,29,9,D
S00371,27,Male,41,Reading/Writing,2,No,51,91,60,Yes,Medium,3,7,A
S00372,18,Male,49,Auditory,1,No,100,86,86,No,Low,26,9,A
S00373,20,Male,38,Kinesthetic,15,Yes,88,68,77,Yes,High,6,10,C
S00374,29,Female,29,Auditory,16,No,90,83,51,Yes,Medium,18,6,B
S00375,25,Female,11,Kinesthetic,5,Yes,95,55,67,Yes,High,28,7,C
S00376,20,Male,6,Kinesthetic,20,Yes,64,64,57,No,Low,3,9,C
S00377,28,Female,47,Kinesthetic,17,No,98,81,75,Yes,Medium,9,4,B
S00378,27,Female,44,Auditory,20,Yes,70,89,56,Yes,Medium,24,7,A
S00379,25,Female,43,Reading/Writing,14,Yes,56,88,77,Yes,Medium,2,4,A
S00380,23,Male,39,Visual,10,No,87,89,77,No,High,18,7,A
S00381,21,Male,36,Auditory,12,Yes,91,53,87,No,Medium,1,10,D
S00382,27,Female,18,Visual,1,Yes,87,86,51,Yes,Low,1,8,A
S00383,18,Female,47,Reading/Writing,6,Yes,64,76,80,Yes,Medium,10,4,B
S00384,18,Male,46,Visual,18,No,57,50,87,Yes,Low,14,8,D
S00385,23,Female,6,Auditory,6,Yes,62,92,60,No,Low,3,8,A
S00386,28,Female,29,Kinesthetic,12,No,75,76,71,Yes,Medium,18,10,B
S00387,20,Male,22,Visual,17,Yes,50,45,88,Yes,Medium,5,5,D
S00388,23,Male,48,Visual,16,Yes,98,89,63,Yes,Medium,28,7,A
S00389,27,Female,20,Kinesthetic,13,No,68,56,61,Yes,Medium,19,6,C
S00390,26,Male,16,Kinesthetic,6,Yes,55,95,58,No,Low,17,7,A
S00391,18,Male,46,Kinesthetic,8,No,59,69,97,Yes,Medium,21,8,C
S00392,28,Male,29,Visual,14,Yes,82,77,86,Yes,Low,2,5,B
S00393,18,Male,17,Kinesthetic,13,Yes,68,73,80,No,Medium,6,5,B
S00394,27,Female,16,Kinesthetic,19,Yes,87,59,100,No,High,0,4,C
S00395,18,Female,23,Auditory,3,No,56,69,74,Yes,Medium,9,7,C
S00396,23,Male,34,Reading/Writing,10,Yes,100,59,80,No,Medium,16,4,C
S00397,27,Male,9,Reading/Writing,12,Yes,76,47,100,Yes,Medium,14,6,D
S00398,29,Male,35,Visual,11,No,81,47,50,No,Medium,21,7,D
S00399,23,Male,30,Reading/Writing,19,Yes,52,66,50,Yes,High,10,7,C
S00400,26,Female,9,Visual,3,Yes,57,80,64,No,Medium,29,7,B
S00401,18,Female,38,Auditory,16,Yes,50,72,62,No,Low,3,6,B
S00402,29,Female,25,Reading/Writing,13,Yes,71,59,77,Yes,High,30,4,C
S00403,26,Male,18,Auditory,10,Yes,77,97,96,Yes,Medium,11,5,A
S00404,19,Male,44,Kinesthetic,13,Yes,94,88,62,Yes,Medium,1,10,A
S00405,28,Female,36,Reading/Writing,20,No,76,48,51,Yes,High,28,10,D
S00406,24,Male,15,Visual,8,Yes,59,68,71,Yes,High,30,4,C
S00407,20,Female,10,Visual,20,Yes,93,51,50,Yes,Medium,20,10,D
S00408,19,Female,10,Visual,17,No,61,65,64,No,Medium,3,10,C
S00409,23,Male,11,Visual,20,No,72,53,62,Yes,Medium,11,9,D
S00410,26,Male,39,Reading/Writing,4,No,89,66,89,Yes,Low,2,6,C
S00411,21,Female,5,Auditory,0,Yes,57,42,52,Yes,Medium,14,4,D
S00412,20,Male,22,Auditory,14,No,58,51,89,Yes,Low,11,5,D
S00413,19,Male,40,Kinesthetic,15,Yes,59,56,75,Yes,Medium,0,8,C
S00414,27,Female,20,Visual,9,Yes,81,44,55,Yes,High,4,5,D
S00415,19,Female,21,Reading/Writing,13,No,79,76,60,No,Low,1,10,B
S00416,27,Male,36,Auditory,0,No,85,57,69,Yes,Medium,0,7,C
S00417,26,Male,23,Visual,2,Yes,69,46,71,No,Medium,14,9,D
S00418,18,Other,43,Visual,7,No,50,47,100,No,Medium,26,7,D
S00419,23,Male,21,Visual,10,Yes,64,98,81,Yes,High,15,8,A
S00420,21,Male,16,Kinesthetic,14,Yes,68,42,85,Yes,Medium,2,8,D
S00421,19,Female,37,Visual,16,No,80,63,50,No,Medium,3,7,C
S00422,29,Male,35,Kinesthetic,17,Yes,77,49,88,Yes,Medium,13,10,D
S00423,24,Male,47,Reading/Writing,5,Yes,52,85,83,Yes,High,7,8,A
S00424,29,Other,13,Visual,0,No,67,73,68,Yes,Medium,25,6,B
S00425,25,Female,41,Auditory,0,No,64,84,72,No,Medium,26,10,B
S00426,29,Female,38,Visual,12,Yes,67,63,66,Yes,Medium,5,7,C
S00427,25,Male,41,Reading/Writing,0,No,100,42,89,No,Low,4,6,D
S00428,25,Female,35,Kinesthetic,16,No,99,51,97,Yes,Low,26,6,D
S00429,28,Other,34,Auditory,18,No,64,50,87,Yes,Low,19,8,D
S00430,18,Female,37,Reading/Writing,6,Yes,66,64,78,No,Medium,11,5,C
S00431,21,Male,28,Kinesthetic,2,Yes,82,73,79,Yes,Low,28,4,B
S00432,26,Male,39,Kinesthetic,14,Yes,67,42,100,Yes,Low,5,8,D
S00433,29,Female,37,Reading/Writing,17,Yes,91,66,55,Yes,Medium,11,5,C
S00434,21,Male,25,Visual,17,Yes,88,92,79,No,Medium,11,6,A
S00435,18,Female,25,Visual,20,Yes,57,79,96,Yes,Medium,18,9,B
S00436,18,Male,46,Visual,19,Yes,83,42,95,Yes,High,16,8,D
S00437,20,Male,18,Reading/Writing,4,No,59,74,69,No,Medium,18,7,B
S00438,27,Male,28,Reading/Writing,18,Yes,72,56,51,Yes,Medium,27,9,C
S00439,27,Male,19,Reading/Writing,11,Yes,78,82,58,Yes,Medium,1,6,B
S00440,28,Female,30,Kinesthetic,11,No,50,94,76,Yes,Medium,20,8,A
S00441,22,Female,45,Visual,19,No,95,49,94,Yes,Low,11,9,D
S00442,26,Female,45,Visual,5,Yes,97,55,62,Yes,Medium,25,7,C
S00443,25,Female,15,Kinesthetic,15,No,96,90,65,Yes,High,22,4,A
S00444,27,Male,8,Visual,11,No,89,55,75,No,Low,2,8,C
S00445,20,Male,25,Visual,4,No,100,93,64,Yes,Medium,18,10,A
S00446,22,Male,16,Reading/Writing,5,No,88,80,53,Yes,Medium,10,7,B
S00447,25,Female,44,Kinesthetic,15,No,75,85,73,Yes,Medium,4,8,A
S00448,22,Female,22,Visual,11,No,67,99,79,Yes,Medium,9,5,A
S00449,21,Female,32,Auditory,17,No,82,47,98,Yes,High,8,8,D
S00450,23,Male,27,Reading/Writing,10,Yes,80,77,84,Yes,Medium,29,10,B
S00451,25,Male,11,Reading/Writing,7,Yes,94,52,98,Yes,Medium,7,10,D
S00452,21,Male,30,Visual,9,Yes,90,68,77,Yes,High,21,4,C
S00453,27,Female,15,Reading/Writing,8,No,72,76,73,No,Medium,3,10,B
S00454,18,Female,22,Visual,6,No,69,59,100,Yes,Medium,10,8,C
S00455,28,Male,7,Auditory,15,Yes,99,86,97,Yes,Medium,14,7,A
S00456,21,Male,46,Kinesthetic,4,No,55,47,96,No,Medium,13,4,D
S00457,19,Male,6,Kinesthetic,0,Yes,68,99,68,Yes,Low,30,10,A
S00458,19,Other,26,Reading/Writing,4,No,93,89,79,Yes,High,9,4,A
S00459,28,Male,42,Auditory,8,Yes,90,57,61,Yes,Medium,28,5,C
S00460,28,Female,34,Visual,8,Yes,68,66,70,Yes,Medium,5,10,C
S00461,22,Male,7,Visual,13,Yes,89,92,94,No,Low,27,8,A
S00462,19,Male,18,Visual,15,Yes,50,97,75,Yes,Medium,14,7,A
S00463,19,Female,24,Reading/Writing,0,Yes,67,46,94,No,Low,20,8,D
S00464,21,Male,5,Kinesthetic,18,Yes,65,100,57,No,Low,16,6,A
S00465,28,Male,15,Visual,5,No,71,51,50,Yes,Medium,21,9,D
S00466,29,Male,15,Auditory,5,Yes,72,94,66,No,Medium,9,4,A
S00467,24,Male,26,Visual,3,Yes,76,77,56,No,Medium,26,6,B
S00468,29,Male,39,Reading/Writing,7,No,96,54,53,Yes,Medium,26,7,D
S00469,22,Female,35,Auditory,19,Yes,50,60,56,Yes,Low,9,4,C
S00470,25,Female,13,Reading/Writing,7,Yes,78,49,93,Yes,Low,5,5,D
S00471,27,Female,26,Auditory,3,No,55,71,71,No,High,16,7,B
S00472,29,Female,47,Reading/Writing,15,Yes,58,47,55,Yes,Low,10,9,D
S00473,28,Male,23,Auditory,6,No,73,100,75,No,Medium,8,6,A
S00474,29,Female,13,Kinesthetic,20,No,50,84,86,Yes,Medium,20,6,B
S00475,26,Other,14,Visual,5,Yes,97,76,70,Yes,High,25,8,B
S00476,20,Male,13,Kinesthetic,1,Yes,78,48,81,No,Medium,17,6,D
S00477,28,Male,36,Reading/Writing,4,Yes,82,85,72,Yes,High,24,7,A
S00478,21,Female,22,Reading/Writing,5,Yes,73,47,79,Yes,Low,29,6,D
S00479,24,Female,48,Auditory,15,No,64,62,53,Yes,Low,8,10,C
S00480,23,Male,32,Auditory,16,Yes,84,68,98,Yes,Medium,4,8,C
S00481,18,Female,43,Auditory,1,Yes,87,51,62,Yes,Medium,5,6,D
S00482,23,Female,9,Auditory,16,Yes,92,77,71,Yes,Low,28,5,B
S00483,28,Male,28,Reading/Writing,11,Yes,56,92,70,No,Low,25,8,A
S00484,26,Male,27,Kinesthetic,16,No,55,88,82,Yes,Medium,28,4,A
S00485,23,Male,37,Visual,19,No,60,86,83,Yes,Medium,0,5,A
S00486,28,Male,16,Auditory,16,No,62,60,71,Yes,Medium,2,10,C
S00487,29,Female,6,Kinesthetic,17,No,77,55,83,Yes,High,5,6,C
S00488,23,Male,9,Kinesthetic,0,No,69,53,79,Yes,Low,3,7,D
S00489,28,Male,47,Kinesthetic,16,Yes,55,40,96,Yes,Low,28,5,D
S00490,18,Male,8,Auditory,15,Yes,54,50,78,No,Low,24,9,D
S00491,27,Male,39,Visual,1,Yes,86,89,80,Yes,Low,15,8,A
S00492,28,Male,6,Reading/Writing,15,Yes,94,48,73,Yes,Low,29,4,D
S00493,26,Male,47,Auditory,9,Yes,82,75,92,Yes,Low,19,5,B
S00494,21,Male,42,Reading/Writing,17,Yes,90,56,98,Yes,Medium,2,9,C
S00495,25,Female,36,Reading/Writing,11,No,94,71,98,Yes,High,14,5,B
S00496,24,Female,40,Auditory,0,No,90,83,78,Yes,Medium,25,7,B
S00497,23,Female,25,Visual,18,Yes,77,78,89,Yes,Medium,23,9,B
S00498,24,Female,23,Kinesthetic,9,Yes,54,66,76,Yes,Low,10,9,C
S00499,28,Male,41,Visual,4,Yes,53,49,54,Yes,High,4,7,D
S00500,21,Male,40,Auditory,14,Yes,87,70,84,No,Low,3,8,B
S00501,20,Female,30,Visual,18,Yes,99,60,66,Yes,Low,27,6,C
S00502,20,Female,39,Reading/Writing,20,Yes,79,68,71,Yes,High,20,6,C
S00503,22,Male,45,Visual,15,Yes,91,73,60,No,Medium,20,10,B
S00504,25,Male,17,Auditory,4,No,59,79,59,Yes,High,15,5,B
S00505,29,Female,43,Auditory,13,Yes,92,86,85,Yes,Medium,20,10,A
S00506,20,Female,37,Reading/Writing,3,Yes,60,89,95,Yes,Medium,20,10,A
S00507,18,Male,35,Auditory,0,Yes,70,75,100,No,Medium,6,4,B
S00508,23,Female,40,Visual,17,No,79,41,95,Yes,Medium,14,6,D
S00509,21,Female,37,Kinesthetic,14,Yes,82,95,69,No,Low,20,6,A
S00510,27,Female,26,Visual,8,Yes,66,47,66,Yes,Medium,6,6,D
S00511,24,Female,22,Auditory,11,Yes,79,42,65,Yes,Medium,6,9,D
S00512,24,Male,38,Reading/Writing,5,Yes,73,40,52,Yes,Medium,23,5,D
S00513,21,Other,9,Reading/Writing,9,No,86,59,84,Yes,Medium,7,6,C
S00514,19,Male,23,Auditory,17,No,86,44,73,No,Low,23,6,D
S00515,20,Male,37,Auditory,3,Yes,73,92,86,Yes,Medium,10,9,A
S00516,19,Male,25,Kinesthetic,5,Yes,70,41,81,Yes,Medium,12,6,D
S00517,27,Female,47,Visual,19,No,92,51,87,Yes,Low,9,6,D
S00518,20,Female,39,Visual,14,No,98,78,81,Yes,Medium,4,6,B
S00519,25,Female,42,Reading/Writing,15,Yes,76,88,56,Yes,Medium,7,6,A
S00520,22,Female,29,Reading/Writing,2,No,88,55,79,Yes,Low,30,7,C
S00521,19,Male,29,Kinesthetic,15,Yes,65,71,67,No,Medium,11,4,B
S00522,23,Male,18,Kinesthetic,20,Yes,68,100,93,Yes,High,12,10,A
S00523,20,Male,35,Visual,9,No,97,63,73,Yes,High,28,4,C
S00524,20,Female,47,Reading/Writing,15,No,67,68,53,Yes,Low,9,9,C
S00525,21,Female,40,Auditory,13,Yes,73,48,73,No,Low,18,6,D
S00526,19,Male,28,Visual,8,Yes,65,68,75,No,Medium,17,9,C
S00527,19,Female,35,Visual,4,Yes,73,77,57,Yes,High,17,4,B
S00528,25,Female,39,Reading/Writing,13,Yes,61,65,62,Yes,Medium,12,5,C
S00529,26,Female,27,Auditory,6,Yes,93,79,82,Yes,Low,9,6,B
S00530,26,Female,49,Reading/Writing,16,Yes,65,80,57,Yes,Medium,8,4,B
S00531,26,Male,39,Kinesthetic,12,Yes,73,100,62,Yes,Medium,14,10,A
S00532,21,Female,36,Reading/Writing,4,No,78,61,56,Yes,High,29,4,C
S00533,21,Male,38,Reading/Writing,6,No,83,95,96,Yes,Medium,1,9,A
S00534,23,Male,30,Visual,7,Yes,76,79,81,Yes,Low,22,6,B
S00535,23,Male,7,Visual,19,Yes,93,71,96,Yes,Medium,13,10,B
S00536,27,Female,23,Reading/Writing,16,No,89,43,78,Yes,Medium,20,6,D
S00537,23,Female,44,Reading/Writing,1,No,82,80,74,Yes,Medium,5,4,B
S00538,29,Female,34,Kinesthetic,3,No,84,83,55,Yes,Medium,21,4,B
S00539,19,Female,5,Kinesthetic,14,No,89,42,65,Yes,Low,29,4,D
S00540,23,Other,10,Kinesthetic,17,Yes,56,42,75,Yes,Medium,12,10,D
S00541,22,Male,37,Auditory,7,No,90,68,73,No,Medium,20,6,C
S00542,22,Male,18,Auditory,13,Yes,93,100,90,Yes,Medium,6,5,A
S00543,27,Female,9,Reading/Writing,17,No,55,56,65,Yes,Medium,1,5,C
S00544,24,Female,33,Auditory,1,Yes,55,68,69,Yes,Medium,8,5,C
S00545,21,Female,43,Reading/Writing,18,Yes,93,60,54,Yes,High,10,5,C
S00546,29,Male,33,Kinesthetic,18,Yes,83,62,59,Yes,Medium,2,9,C
S00547,29,Male,9,Reading/Writing,20,No,59,96,83,No,Medium,10,6,A
S00548,18,Male,35,Kinesthetic,7,No,96,61,99,Yes,Medium,23,10,C
S00549,21,Female,13,Visual,0,Yes,78,91,65,No,Medium,28,5,A
S00550,23,Male,43,Kinesthetic,3,Yes,66,97,67,No,High,2,10,A
S00551,19,Male,31,Kinesthetic,10,No,98,41,75,Yes,Medium,7,7,D
S00552,26,Female,10,Kinesthetic,13,No,54,73,70,Yes,High,0,7,B
S00553,23,Female,22,Kinesthetic,14,Yes,53,97,62,Yes,Medium,17,5,A
S00554,19,Male,34,Auditory,13,Yes,76,94,65,Yes,High,15,5,A
S00555,20,Male,23,Auditory,12,Yes,75,96,65,Yes,Low,28,7,A
S00556,25,Female,31,Auditory,9,No,67,58,79,Yes,Medium,19,5,C
S00557,27,Female,20,Reading/Writing,4,Yes,62,90,99,Yes,Medium,10,4,A
S00558,19,Male,5,Kinesthetic,2,No,69,44,63,Yes,Low,30,6,D
S00559,25,Female,7,Visual,13,Yes,67,67,79,Yes,Medium,3,6,C
S00560,21,Female,29,Kinesthetic,3,No,82,81,53,Yes,Low,21,4,B
S00561,25,Male,37,Auditory,10,No,75,78,65,Yes,High,18,8,B
S00562,22,Male,45,Auditory,0,Yes,81,95,76,No,Low,8,7,A
S00563,29,Female,48,Reading/Writing,20,No,58,96,76,No,Low,4,9,A
S00564,22,Other,42,Visual,14,No,69,61,83,No,Low,29,7,C
S00565,29,Female,33,Auditory,11,No,75,83,89,Yes,High,6,8,B
S00566,20,Male,37,Auditory,0,No,95,70,56,Yes,Medium,17,9,B
S00567,28,Female,29,Visual,6,Yes,68,53,95,Yes,Medium,19,8,D
S00568,27,Male,26,Kinesthetic,0,Yes,75,52,67,Yes,Low,14,8,D
S00569,24,Male,16,Kinesthetic,10,No,58,79,55,No,Low,1,8,B
S00570,28,Female,12,Kinesthetic,15,Yes,58,100,72,No,Low,23,7,A
S00571,18,Male,34,Reading/Writing,18,No,63,56,72,Yes,Medium,18,6,C
S00572,19,Female,6,Visual,17,Yes,83,48,81,Yes,Low,29,10,D
S00573,20,Female,12,Auditory,0,No,66,92,66,No,Low,4,10,A
S00574,27,Male,34,Kinesthetic,12,No,72,48,84,No,Medium,22,9,D
S00575,20,Female,43,Visual,1,Yes,64,90,93,Yes,High,19,7,A
S00576,24,Male,25,Reading/Writing,18,Yes,95,48,82,Yes,Medium,0,7,D
S00577,22,Other,22,Auditory,19,No,70,47,63,No,Medium,22,6,D
S00578,24,Female,36,Reading/Writing,4,Yes,79,97,63,Yes,High,10,5,A
S00579,26,Male,22,Reading/Writing,13,Yes,85,92,84,No,High,3,9,A
S00580,25,Male,20,Kinesthetic,20,Yes,52,53,85,Yes,Low,13,4,D
S00581,26,Male,24,Visual,6,No,87,81,94,Yes,Low,26,7,B
S00582,19,Female,8,Visual,6,Yes,57,89,66,Yes,Medium,9,6,A
S00583,22,Male,38,Visual,10,No,80,75,73,Yes,High,0,5,B
S00584,21,Female,23,Kinesthetic,4,Yes,97,79,80,Yes,Medium,13,8,B
S00585,18,Male,28,Reading/Writing,20,No,55,68,72,No,Low,27,10,C
S00586,25,Other,13,Visual,20,No,51,84,51,Yes,Medium,10,8,B
S00587,28,Female,35,Auditory,4,No,58,73,100,No,Low,7,6,B
S00588,27,Female,17,Visual,19,Yes,82,53,90,Yes,Medium,12,10,D
S00589,22,Male,16,Reading/Writing,14,Yes,92,75,59,No,High,0,5,B
S00590,21,Female,6,Kinesthetic,8,Yes,53,98,92,Yes,High,1,7,A
S00591,22,Male,12,Auditory,1,Yes,54,42,80,No,Low,4,8,D
S00592,20,Male,19,Auditory,20,Yes,56,70,86,Yes,Medium,23,9,B
S00593,28,Female,25,Reading/Writing,0,Yes,63,96,75,No,Low,4,7,A
S00594,28,Male,28,Reading/Writing,17,Yes,55,56,92,No,High,8,4,C
S00595,23,Male,27,Auditory,15,No,81,76,93,Yes,Low,25,10,B
S00596,28,Male,41,Kinesthetic,7,Yes,69,59,52,No,Medium,2,6,C
S00597,26,Female,33,Visual,7,No,79,72,70,Yes,Medium,28,6,B
S00598,18,Male,34,Reading/Writing,7,Yes,65,41,94,No,Medium,2,6,D
S00599,18,Female,48,Kinesthetic,11,Yes,88,65,89,No,Low,6,7,C
S00600,20,Female,35,Reading/Writing,8,No,59,77,85,No,High,18,7,B
S00601,29,Male,39,Auditory,17,Yes,81,91,91,Yes,High,11,6,A
S00602,26,Female,36,Kinesthetic,2,Yes,85,81,62,Yes,Medium,16,5,B
S00603,29,Female,38,Auditory,9,Yes,52,71,66,Yes,Medium,20,6,B
S00604,28,Male,25,Visual,5,Yes,83,76,60,No,Low,16,10,B
S00605,25,Male,29,Reading/Writing,0,Yes,96,44,65,Yes,Medium,6,4,D
S00606,24,Other,32,Kinesthetic,11,Yes,56,99,85,Yes,High,3,10,A
S00607,21,Female,45,Auditory,5,No,92,73,97,Yes,Low,27,5,B
S00608,28,Other,49,Auditory,12,No,79,60,80,No,High,3,4,C
S00609,18,Female,35,Auditory,19,No,87,90,75,Yes,High,16,10,A
S00610,27,Female,19,Visual,10,No,77,45,88,No,Low,30,9,D
S00611,19,Male,5,Auditory,2,Yes,67,76,70,Yes,Medium,1,10,B
S00612,20,Female,9,Reading/Writing,7,Yes,72,84,64,No,Medium,23,6,B
S00613,19,Female,38,Visual,18,Yes,51,93,80,No,Low,1,9,A
S00614,28,Other,49,Kinesthetic,20,Yes,73,96,97,Yes,Low,11,9,A
S00615,27,Female,22,Reading/Writing,14,Yes,80,79,81,Yes,High,0,9,B
S00616,20,Female,29,Kinesthetic,14,No,51,74,87,Yes,Medium,25,8,B
S00617,18,Female,16,Kinesthetic,16,No,90,80,79,Yes,Medium,20,8,B
S00618,23,Female,39,Reading/Writing,0,Yes,73,86,72,Yes,Medium,23,7,A
S00619,21,Male,21,Kinesthetic,18,No,61,48,94,No,Low,6,5,D
S00620,23,Female,48,Auditory,8,No,91,44,58,Yes,High,0,5,D
S00621,25,Other,46,Kinesthetic,4,Yes,96,65,89,No,High,4,8,C
S00622,27,Female,28,Visual,14,No,79,64,58,Yes,Medium,20,9,C
S00623,25,Female,18,Reading/Writing,11,Yes,80,80,68,Yes,Medium,2,6,B
S00624,23,Female,22,Auditory,13,Yes,68,76,89,No,Medium,15,5,B
S00625,18,Female,32,Visual,12,No,54,93,73,Yes,Medium,22,8,A
S00626,29,Male,39,Visual,11,Yes,77,58,75,Yes,Medium,22,6,C
S00627,26,Male,49,Auditory,15,Yes,56,87,51,Yes,Medium,30,9,A
S00628,29,Male,49,Kinesthetic,20,Yes,69,54,51,Yes,Low,8,4,D
S00629,21,Male,17,Reading/Writing,9,No,92,81,89,No,Low,25,5,B
S00630,20,Female,14,Auditory,13,Yes,93,62,64,Yes,Medium,21,7,C
S00631,22,Female,43,Kinesthetic,5,No,96,56,88,No,Low,6,8,C
S00632,24,Male,27,Auditory,4,No,99,95,95,Yes,High,0,4,A
S00633,18,Male,35,Reading/Writing,8,No,88,64,87,Yes,Low,24,9,C
S00634,23,Male,35,Reading/Writing,3,Yes,98,83,81,No,High,8,7,B
S00635,23,Male,44,Visual,16,Yes,56,92,60,No,High,23,4,A
S00636,28,Other,11,Auditory,4,No,91,78,65,No,High,20,6,B
S00637,20,Female,45,Auditory,8,Yes,92,68,60,No,Medium,3,8,C
S00638,28,Female,49,Reading/Writing,18,No,84,66,99,Yes,Low,27,8,C
S00639,22,Female,11,Visual,1,Yes,87,91,69,Yes,Low,5,6,A
S00640,26,Female,7,Kinesthetic,8,Yes,76,40,86,No,Low,22,8,D
S00641,21,Male,36,Reading/Writing,6,No,54,95,82,Yes,Low,8,6,A
S00642,27,Female,36,Visual,14,Yes,59,64,62,Yes,Medium,5,5,C
S00643,26,Female,42,Kinesthetic,1,Yes,96,92,84,Yes,Low,28,8,A
S00644,18,Other,9,Auditory,5,No,61,66,77,No,Medium,17,8,C
S00645,19,Male,16,Visual,2,Yes,76,65,76,Yes,High,13,8,C
S00646,25,Male,33,Kinesthetic,10,No,83,88,98,Yes,High,8,9,A
S00647,27,Male,44,Kinesthetic,20,No,64,68,85,Yes,High,1,5,C
S00648,18,Male,47,Visual,6,Yes,92,88,76,Yes,Medium,1,7,A
S00649,23,Female,7,Reading/Writing,3,Yes,96,52,81,Yes,Medium,25,4,D
S00650,22,Female,31,Reading/Writing,6,Yes,52,86,91,Yes,Medium,12,9,A
S00651,20,Male,38,Visual,18,Yes,56,52,72,Yes,Low,18,9,D
S00652,29,Male,17,Visual,16,No,81,61,100,No,Low,3,10,C
S00653,28,Female,17,Auditory,9,No,74,56,92,No,Low,27,4,C
S00654,20,Male,38,Reading/Writing,7,No,87,62,81,Yes,Low,24,4,C
S00655,24,Female,47,Reading/Writing,19,Yes,98,100,83,Yes,Medium,9,4,A
S00656,27,Male,20,Reading/Writing,18,Yes,78,54,58,No,Medium,17,8,D
S00657,20,Female,13,Auditory,2,Yes,55,49,52,Yes,Low,11,8,D
S00658,29,Male,12,Kinesthetic,0,Yes,61,58,62,No,High,26,4,C
S00659,21,Other,37,Auditory,14,Yes,55,67,92,No,High,21,4,C
S00660,29,Male,26,Kinesthetic,16,Yes,90,63,66,Yes,Low,22,5,C
S00661,21,Male,43,Reading/Writing,14,No,78,40,68,Yes,Low,13,5,D
S00662,21,Female,33,Visual,5,Yes,76,87,77,No,Medium,22,7,A
S00663,27,Female,6,Visual,2,No,66,55,96,No,Medium,21,5,C
S00664,18,Female,42,Reading/Writing,16,Yes,75,96,84,No,Medium,16,6,A
S00665,19,Male,6,Kinesthetic,10,Yes,62,82,53,Yes,Low,6,4,B
S00666,28,Male,39,Kinesthetic,4,Yes,62,50,73,No,Medium,30,6,D
S00667,19,Male,34,Auditory,2,No,63,54,69,Yes,Low,25,10,D
S00668,20,Female,27,Visual,10,Yes,89,68,62,No,Low,16,7,C
S00669,21,Male,40,Visual,5,Yes,69,73,56,Yes,Medium,1,8,B
S00670,21,Other,5,Kinesthetic,15,Yes,82,69,52,Yes,Low,16,8,C
S00671,20,Other,13,Reading/Writing,9,No,90,86,79,Yes,Medium,3,8,A
S00672,22,Female,17,Auditory,15,Yes,52,85,60,Yes,Medium,6,7,A
S00673,21,Female,36,Reading/Writing,2,Yes,88,90,91,Yes,Medium,23,10,A
S00674,28,Other,31,Reading/Writing,13,Yes,80,65,77,Yes,Medium,2,9,C
S00675,27,Male,38,Visual,5,No,93,72,81,Yes,Medium,3,6,B
S00676,20,Male,48,Reading/Writing,20,Yes,74,100,65,Yes,Low,13,9,A
S00677,22,Male,49,Reading/Writing,4,No,57,76,67,No,High,6,7,B
S00678,25,Male,37,Auditory,8,Yes,68,47,52,No,Medium,25,10,D
S00679,26,Male,15,Reading/Writing,11,Yes,81,78,81,Yes,High,17,4,B
S00680,18,Female,25,Reading/Writing,14,No,79,72,82,No,High,15,5,B
S00681,27,Male,30,Auditory,0,Yes,88,84,94,Yes,Medium,11,7,B
S00682,27,Male,47,Reading/Writing,12,No,60,70,62,No,Low,28,8,B
S00683,20,Male,17,Kinesthetic,18,Yes,87,44,59,Yes,Medium,11,7,D
S00684,19,Female,13,Auditory,18,Yes,50,70,52,Yes,Medium,4,9,B
S00685,27,Female,16,Kinesthetic,6,Yes,84,46,93,Yes,Low,12,9,D
S00686,18,Female,29,Auditory,7,Yes,84,42,76,No,Low,1,7,D
S00687,18,Female,49,Reading/Writing,18,Yes,95,81,80,Yes,Medium,24,8,B
S00688,24,Male,18,Auditory,5,No,78,56,88,No,Low,9,10,C
S00689,22,Female,6,Auditory,10,No,62,75,82,No,Low,7,7,B
S00690,29,Female,15,Kinesthetic,4,Yes,69,79,81,No,Medium,20,8,B
S00691,27,Female,42,Reading/Writing,4,Yes,59,66,88,No,Medium,19,5,C
S00692,28,Female,12,Visual,11,No,77,60,86,Yes,High,24,8,C
S00693,27,Female,20,Visual,12,Yes,55,99,87,Yes,Medium,30,6,A
S00694,24,Female,38,Reading/Writing,2,Yes,58,43,55,Yes,Low,19,4,D
S00695,20,Female,35,Kinesthetic,17,Yes,62,51,79,No,High,3,8,D
S00696,26,Male,13,Kinesthetic,10,Yes,83,85,87,Yes,Low,21,4,A
S00697,22,Male,17,Auditory,10,Yes,93,77,92,No,Medium,18,10,B
S00698,18,Female,39,Reading/Writing,1,Yes,90,50,78,No,Low,6,10,D
S00699,23,Female,29,Reading/Writing,17,No,77,47,57,No,Low,4,5,D
S00700,24,Male,17,Visual,5,Yes,55,58,59,Yes,Low,4,6,C
S00701,22,Male,21,Auditory,7,Yes,71,48,50,No,Medium,27,8,D
S00702,18,Other,25,Reading/Writing,16,Yes,69,70,85,Yes,Medium,16,8,B
S00703,29,Female,24,Auditory,20,Yes,93,89,50,Yes,Medium,4,9,A
S00704,23,Female,28,Auditory,15,Yes,74,76,72,Yes,Low,9,7,B
S00705,21,Female,8,Reading/Writing,17,Yes,60,69,69,Yes,High,24,8,C
S00706,27,Other,37,Visual,18,Yes,82,95,60,Yes,Medium,26,7,A
S00707,21,Female,10,Kinesthetic,6,Yes,56,79,72,Yes,Medium,15,10,B
S00708,28,Female,38,Auditory,8,Yes,63,98,52,No,Medium,8,4,A
S00709,21,Female,47,Reading/Writing,11,Yes,56,40,90,No,Medium,29,8,D
S00710,25,Female,11,Visual,1,Yes,91,93,51,No,Medium,17,8,A
S00711,22,Male,22,Auditory,16,Yes,89,52,58,Yes,Low,6,4,D
S00712,21,Female,39,Reading/Writing,13,Yes,59,58,57,No,Low,24,10,C
S00713,29,Female,40,Auditory,0,Yes,56,75,72,No,Medium,4,10,B
S00714,20,Female,26,Visual,9,No,88,59,52,Yes,Medium,20,4,C
S00715,18,Male,43,Reading/Writing,13,No,53,95,90,Yes,Low,26,5,A
S00716,28,Female,8,Kinesthetic,11,Yes,65,66,75,No,Medium,17,5,C
S00717,20,Male,38,Kinesthetic,19,Yes,52,63,58,Yes,High,18,4,C
S00718,25,Male,26,Visual,2,Yes,100,71,70,No,Medium,3,7,B
S00719,26,Female,19,Auditory,12,Yes,99,96,66,Yes,Medium,25,5,A
S00720,24,Female,16,Kinesthetic,1,No,59,94,98,Yes,High,16,10,A
S00721,25,Female,46,Visual,6,No,53,56,95,Yes,Medium,9,5,C
S00722,19,Male,37,Reading/Writing,5,No,78,44,62,No,Low,6,8,D
S00723,21,Female,38,Auditory,9,Yes,63,73,70,Yes,Medium,6,5,B
S00724,25,Female,11,Kinesthetic,10,Yes,63,76,93,No,Medium,30,6,B
S00725,25,Male,7,Visual,8,Yes,63,88,84,Yes,Low,10,9,A
S00726,27,Male,37,Kinesthetic,13,Yes,93,76,89,No,Low,26,8,B
S00727,20,Male,6,Kinesthetic,6,Yes,67,44,92,Yes,High,28,5,D
S00728,29,Male,37,Auditory,10,Yes,88,40,67,No,Low,29,10,D
S00729,26,Male,38,Visual,13,Yes,74,55,62,Yes,High,13,8,C
S00730,21,Male,48,Auditory,4,Yes,80,46,96,No,Medium,5,5,D
S00731,29,Female,43,Auditory,20,Yes,91,77,95,No,Low,20,9,B
S00732,20,Male,8,Visual,2,Yes,73,60,69,No,Medium,20,8,C
S00733,24,Female,35,Visual,4,Yes,86,85,96,Yes,High,17,10,A
S00734,19,Female,14,Kinesthetic,2,No,91,77,67,Yes,Medium,1,7,B
S00735,24,Male,18,Reading/Writing,12,Yes,50,89,53,No,Medium,2,8,A
S00736,26,Male,45,Reading/Writing,2,Yes,63,61,64,Yes,Medium,23,7,C
S00737,22,Male,42,Auditory,1,No,85,82,96,Yes,Medium,16,7,B
S00738,23,Female,10,Kinesthetic,4,No,64,82,81,No,Medium,29,7,B
S00739,24,Male,10,Auditory,15,No,73,49,66,Yes,Medium,2,8,D
S00740,20,Male,35,Visual,8,Yes,56,98,60,Yes,Low,21,9,A
S00741,21,Male,22,Kinesthetic,13,Yes,86,40,66,Yes,High,17,4,D
S00742,27,Female,25,Reading/Writing,0,Yes,97,94,87,Yes,Medium,12,4,A
S00743,23,Male,12,Reading/Writing,16,Yes,78,80,81,Yes,Low,11,5,B
S00744,29,Male,20,Auditory,5,No,79,91,76,Yes,Medium,5,7,A
S00745,28,Male,9,Auditory,2,No,86,97,76,No,Low,30,5,A
S00746,21,Male,11,Visual,19,Yes,74,41,95,Yes,High,4,5,D
S00747,20,Female,29,Auditory,0,No,56,76,55,Yes,High,30,9,B
S00748,26,Other,46,Kinesthetic,1,No,86,55,86,Yes,Medium,15,4,C
S00749,20,Male,22,Visual,12,Yes,92,46,90,No,Medium,14,9,D
S00750,19,Male,6,Kinesthetic,1,Yes,94,52,81,No,High,24,6,D
S00751,27,Female,6,Auditory,14,Yes,92,95,83,Yes,Medium,3,7,A
S00752,23,Female,37,Visual,7,Yes,73,87,84,Yes,High,22,7,A
S00753,21,Male,21,Kinesthetic,15,Yes,81,63,96,No,High,2,9,C
S00754,21,Male,15,Auditory,14,No,60,69,94,Yes,Medium,8,10,C
S00755,25,Male,21,Kinesthetic,2,Yes,56,56,75,Yes,Medium,11,10,C
S00756,18,Other,19,Kinesthetic,16,No,85,57,81,Yes,High,4,10,C
S00757,21,Male,25,Kinesthetic,18,No,73,57,72,Yes,Low,4,6,C
S00758,23,Female,44,Visual,20,Yes,63,51,78,No,Low,1,10,D
S00759,20,Female,45,Auditory,20,Yes,59,63,72,Yes,Medium,18,8,C
S00760,23,Male,39,Kinesthetic,4,No,65,83,64,No,High,25,4,B
S00761,27,Female,18,Kinesthetic,3,Yes,89,90,88,Yes,Medium,1,10,A
S00762,18,Female,44,Visual,17,Yes,87,89,100,Yes,Low,22,7,A
S00763,19,Female,26,Visual,17,Yes,61,89,71,Yes,Medium,8,4,A
S00764,19,Male,6,Auditory,1,Yes,93,54,59,Yes,Medium,1,6,D
S00765,18,Female,42,Reading/Writing,14,Yes,56,73,89,Yes,Low,23,5,B
S00766,23,Male,6,Auditory,18,No,50,79,54,Yes,Low,28,7,B
S00767,18,Female,15,Visual,1,No,61,62,51,No,Low,5,8,C
S00768,29,Female,49,Auditory,0,Yes,92,63,90,Yes,Low,15,8,C
S00769,27,Male,46,Reading/Writing,5,Yes,69,69,68,Yes,Low,20,6,C
S00770,21,Male,18,Reading/Writing,9,Yes,84,65,80,Yes,Low,23,8,C
S00771,26,Male,37,Visual,6,Yes,73,47,76,No,Medium,12,7,D
S00772,24,Male,15,Kinesthetic,20,No,53,97,97,Yes,Low,6,10,A
S00773,21,Male,16,Reading/Writing,19,No,81,92,94,Yes,High,11,8,A
S00774,27,Male,46,Auditory,19,Yes,83,71,72,Yes,High,28,7,B
S00775,18,Male,5,Reading/Writing,5,Yes,97,98,58,Yes,High,26,6,A
S00776,26,Female,43,Reading/Writing,3,No,95,80,55,Yes,Medium,1,5,B
S00777,27,Male,11,Auditory,14,Yes,89,65,76,No,Medium,29,5,C
S00778,26,Female,19,Visual,20,No,52,89,93,No,High,28,9,A
S00779,22,Female,23,Kinesthetic,19,No,73,87,55,No,Medium,26,8,A
S00780,20,Female,37,Auditory,19,Yes,61,46,96,Yes,Medium,24,9,D
S00781,23,Female,12,Kinesthetic,7,No,63,81,74,No,Medium,17,4,B
S00782,25,Male,35,Kinesthetic,20,No,88,62,55,Yes,Low,23,6,C
S00783,24,Female,10,Visual,20,Yes,63,42,97,Yes,Low,2,9,D
S00784,23,Other,20,Reading/Writing,18,No,78,64,93,Yes,Low,7,10,C
S00785,24,Female,9,Reading/Writing,12,Yes,85,88,78,Yes,Low,7,10,A
S00786,28,Male,49,Kinesthetic,1,Yes,90,100,53,Yes,Low,11,9,A
S00787,19,Male,21,Visual,9,Yes,59,80,79,No,Medium,25,6,B
S00788,25,Female,5,Visual,6,No,76,41,74,Yes,Medium,22,9,D
S00789,27,Female,19,Auditory,15,No,74,68,88,Yes,Medium,29,6,C
S00790,23,Female,31,Reading/Writing,10,No,85,49,61,No,Low,25,5,D
S00791,21,Female,9,Kinesthetic,12,No,78,68,74,Yes,Medium,22,4,C
S00792,28,Female,8,Reading/Writing,16,Yes,51,49,89,Yes,Medium,29,5,D
S00793,19,Male,39,Auditory,16,No,89,81,92,Yes,Medium,5,6,B
S00794,21,Male,8,Kinesthetic,14,Yes,77,83,55,No,Low,6,6,B
S00795,23,Male,10,Auditory,18,Yes,56,93,58,No,Low,23,5,A
S00796,25,Male,36,Reading/Writing,13,No,76,42,84,Yes,High,17,6,D
S00797,27,Male,5,Reading/Writing,12,Yes,55,73,81,No,Medium,7,9,B
S00798,19,Male,23,Reading/Writing,5,Yes,90,54,81,Yes,Medium,23,8,D
S00799,29,Female,13,Reading/Writing,7,Yes,92,48,68,No,Medium,25,5,D
S00800,22,Male,14,Auditory,10,Yes,79,56,100,Yes,Low,29,9,C
S00801,22,Male,20,Auditory,2,Yes,67,66,96,Yes,High,23,10,C
S00802,26,Male,26,Reading/Writing,2,Yes,55,69,96,No,High,5,4,C
S00803,24,Female,25,Auditory,6,No,92,88,91,No,Medium,16,7,A
S00804,21,Male,43,Kinesthetic,12,Yes,75,64,87,Yes,High,10,5,C
S00805,27,Female,30,Kinesthetic,16,Yes,55,63,84,Yes,Low,4,7,C
S00806,27,Male,12,Kinesthetic,14,Yes,54,46,51,Yes,Medium,2,6,D
S00807,26,Female,45,Auditory,0,No,88,80,72,Yes,Medium,5,7,B
S00808,23,Male,29,Reading/Writing,18,Yes,52,51,80,Yes,Medium,28,4,D
S00809,21,Female,19,Visual,2,Yes,100,79,58,Yes,Medium,28,10,B
S00810,21,Male,40,Visual,9,No,71,93,50,Yes,High,24,8,A
S00811,25,Male,15,Visual,6,No,89,43,58,No,High,13,9,D
S00812,19,Male,28,Auditory,12,Yes,99,97,76,Yes,High,19,4,A
S00813,23,Male,22,Reading/Writing,18,No,76,89,59,No,Low,15,7,A
S00814,29,Male,43,Visual,8,No,67,87,67,Yes,High,17,4,A
S00815,18,Male,17,Reading/Writing,1,Yes,90,51,64,Yes,Medium,26,6,D
S00816,26,Male,43,Kinesthetic,4,Yes,73,88,76,Yes,Medium,14,4,A
S00817,22,Female,32,Auditory,5,No,61,74,96,No,Low,26,6,B
S00818,22,Female,11,Kinesthetic,20,No,56,99,51,Yes,High,30,8,A
S00819,19,Male,45,Auditory,10,No,51,64,69,Yes,High,10,9,C
S00820,23,Female,13,Kinesthetic,16,Yes,56,65,69,No,Low,10,10,C
S00821,20,Female,33,Auditory,12,No,76,47,98,Yes,High,1,8,D
S00822,27,Female,30,Visual,16,No,100,58,51,No,Medium,10,8,C
S00823,27,Male,26,Reading/Writing,20,No,82,87,97,Yes,Medium,13,10,A
S00824,24,Male,37,Auditory,19,Yes,57,95,85,Yes,Low,4,5,A
S00825,27,Male,15,Reading/Writing,16,Yes,86,88,92,No,Low,29,8,A
S00826,29,Male,18,Auditory,15,Yes,75,64,79,No,Low,24,5,C
S00827,29,Female,16,Visual,0,Yes,82,98,67,No,Low,17,7,A
S00828,20,Female,49,Kinesthetic,15,Yes,92,83,89,Yes,Medium,19,9,B
S00829,19,Female,31,Kinesthetic,4,No,96,55,75,Yes,Medium,27,7,C
S00830,20,Female,17,Visual,1,Yes,72,81,62,Yes,Medium,6,9,B
S00831,22,Male,33,Reading/Writing,11,Yes,59,61,68,Yes,Medium,12,6,C
S00832,24,Male,11,Auditory,10,Yes,51,62,88,No,High,20,4,C
S00833,25,Male,11,Reading/Writing,19,Yes,99,84,76,Yes,Medium,27,10,B
S00834,26,Female,47,Kinesthetic,1,Yes,53,74,96,Yes,Medium,24,9,B
S00835,24,Female,31,Visual,7,Yes,99,63,96,Yes,Low,0,9,C
S00836,21,Male,21,Kinesthetic,14,No,86,78,53,Yes,Low,28,10,B
S00837,19,Male,45,Auditory,12,No,99,59,57,No,Medium,29,9,C
S00838,25,Female,47,Visual,20,No,94,82,89,Yes,Low,0,10,B
S00839,18,Female,6,Reading/Writing,6,Yes,65,40,95,No,High,20,5,D
S00840,19,Female,25,Reading/Writing,2,No,56,74,62,Yes,Low,22,9,B
S00841,28,Male,32,Auditory,17,Yes,89,90,89,Yes,Medium,7,10,A
S00842,24,Other,33,Visual,15,Yes,80,61,52,Yes,Medium,3,8,C
S00843,28,Male,23,Kinesthetic,2,Yes,89,81,56,Yes,Low,2,4,B
S00844,26,Female,7,Reading/Writing,17,Yes,92,100,66,Yes,Medium,15,6,A
S00845,19,Female,12,Kinesthetic,19,No,95,98,88,No,High,16,4,A
S00846,26,Male,27,Auditory,13,Yes,100,61,92,Yes,High,18,10,C
S00847,21,Female,40,Visual,18,No,59,51,76,No,High,15,8,D
S00848,19,Male,26,Visual,14,No,94,99,67,Yes,Low,30,7,A
S00849,24,Male,48,Auditory,11,No,90,66,81,Yes,Medium,7,10,C
S00850,29,Female,31,Auditory,4,No,89,97,89,No,Medium,18,6,A
S00851,29,Male,30,Visual,14,Yes,55,65,65,Yes,Medium,0,6,C
S00852,21,Male,37,Kinesthetic,1,No,100,58,56,Yes,Medium,18,4,C
S00853,18,Male,34,Kinesthetic,7,No,100,74,100,No,High,20,7,B
S00854,22,Female,38,Reading/Writing,14,Yes,79,92,95,Yes,Medium,28,4,A
S00855,28,Male,26,Visual,4,Yes,98,62,88,Yes,Low,7,9,C
S00856,25,Female,37,Auditory,4,Yes,93,63,60,No,Low,29,5,C
S00857,21,Female,45,Visual,6,Yes,76,86,52,Yes,High,30,7,A
S00858,27,Female,46,Visual,14,No,85,59,69,Yes,Medium,24,6,C
S00859,22,Male,21,Reading/Writing,6,No,67,50,67,No,Medium,10,7,D
S00860,20,Female,14,Auditory,2,No,97,67,56,Yes,Low,24,10,C
S00861,27,Male,34,Kinesthetic,9,No,73,84,81,Yes,Low,17,7,B
S00862,24,Female,22,Auditory,5,No,76,85,69,Yes,Low,8,4,A
S00863,28,Female,36,Kinesthetic,9,No,85,53,57,No,Medium,13,7,D
S00864,27,Female,42,Visual,5,Yes,80,48,78,Yes,Medium,6,8,D
S00865,25,Male,36,Kinesthetic,17,No,74,96,84,No,High,17,10,A
S00866,22,Female,35,Reading/Writing,20,Yes,95,93,62,Yes,Low,19,5,A
S00867,24,Other,47,Auditory,1,No,73,94,71,Yes,Medium,15,10,A
S00868,23,Female,22,Visual,7,Yes,51,51,93,Yes,High,5,6,D
S00869,18,Female,26,Reading/Writing,15,Yes,52,80,57,Yes,Medium,22,5,B
S00870,22,Female,46,Reading/Writing,8,No,98,80,67,Yes,High,9,9,B
S00871,21,Male,27,Visual,17,Yes,95,99,81,No,Low,13,6,A
S00872,21,Male,44,Reading/Writing,18,No,87,64,86,Yes,Low,4,4,C
S00873,21,Female,8,Auditory,12,No,85,71,73,Yes,Medium,25,9,B
S00874,19,Male,19,Visual,8,No,84,44,100,No,Medium,24,4,D
S00875,28,Male,18,Auditory,17,Yes,87,69,81,Yes,Medium,17,9,C
S00876,28,Female,13,Kinesthetic,5,Yes,87,57,60,Yes,Medium,12,8,C
S00877,19,Female,20,Auditory,20,Yes,76,59,77,Yes,Low,13,7,C
S00878,28,Male,29,Kinesthetic,5,Yes,90,59,96,No,High,15,5,C
S00879,27,Male,32,Visual,2,Yes,90,60,69,Yes,Low,20,4,C
S00880,24,Male,12,Reading/Writing,17,No,76,74,81,Yes,Medium,23,4,B
S00881,25,Female,48,Kinesthetic,12,No,74,53,60,Yes,Low,7,7,D
S00882,21,Female,34,Kinesthetic,6,Yes,54,84,99,Yes,Medium,17,6,B
S00883,24,Male,5,Visual,7,Yes,59,81,63,No,Low,24,10,B
S00884,28,Male,44,Visual,10,Yes,56,41,93,No,Medium,4,7,D
S00885,27,Male,30,Auditory,17,Yes,75,63,61,Yes,High,14,7,C
S00886,18,Male,49,Reading/Writing,18,No,96,58,80,Yes,Medium,27,4,C
S00887,26,Male,18,Auditory,8,Yes,72,48,98,Yes,Medium,4,6,D
S00888,29,Male,20,Visual,17,No,69,52,58,Yes,Low,15,10,D
S00889,26,Female,45,Kinesthetic,1,Yes,98,41,52,Yes,High,26,4,D
S00890,25,Male,46,Auditory,15,Yes,70,60,76,Yes,Medium,4,4,C
S00891,21,Female,7,Reading/Writing,15,No,76,82,58,No,Medium,15,10,B
S00892,28,Female,21,Visual,3,No,85,69,86,Yes,Medium,0,8,C
S00893,20,Female,35,Kinesthetic,3,No,72,94,100,Yes,Medium,6,10,A
S00894,19,Female,36,Visual,16,No,67,77,63,Yes,Low,16,4,B
S00895,20,Male,42,Reading/Writing,19,No,68,95,77,Yes,High,23,5,A
S00896,18,Female,11,Visual,13,Yes,86,41,94,Yes,Medium,14,10,D
S00897,24,Female,33,Reading/Writing,10,No,92,61,87,Yes,Low,23,5,C
S00898,29,Male,7,Kinesthetic,19,Yes,75,99,94,Yes,Medium,10,10,A
S00899,22,Male,47,Auditory,13,No,60,94,80,Yes,Low,4,4,A
S00900,26,Female,31,Visual,20,Yes,89,45,64,Yes,High,13,10,D
S00901,26,Male,44,Kinesthetic,9,Yes,83,69,78,Yes,Low,17,4,C
S00902,20,Other,38,Auditory,1,Yes,55,99,77,Yes,Medium,13,7,A
S00903,25,Male,5,Visual,14,Yes,66,79,96,Yes,Medium,9,7,B
S00904,19,Male,39,Visual,20,No,92,82,65,Yes,Medium,16,6,B
S00905,22,Male,45,Visual,5,No,69,72,74,No,Low,8,4,B
S00906,19,Male,45,Auditory,19,No,59,54,75,Yes,Low,12,4,D
S00907,29,Female,49,Visual,13,Yes,100,98,59,Yes,Low,27,5,A
S00908,25,Male,44,Auditory,3,Yes,59,61,56,Yes,Low,1,7,C
S00909,28,Male,44,Reading/Writing,18,No,70,66,54,No,Medium,1,8,C
S00910,19,Female,16,Kinesthetic,7,Yes,91,93,78,Yes,High,27,10,A
S00911,18,Female,45,Kinesthetic,13,Yes,86,49,77,Yes,Low,3,7,D
S00912,26,Other,34,Reading/Writing,1,No,51,86,72,Yes,Low,20,10,A
S00913,20,Male,16,Reading/Writing,1,Yes,77,59,71,No,High,24,10,C
S00914,25,Other,36,Kinesthetic,16,No,81,96,76,Yes,Medium,24,6,A
S00915,23,Male,35,Visual,17,Yes,58,66,67,Yes,Medium,19,5,C
S00916,27,Male,47,Auditory,4,No,81,66,52,Yes,Medium,15,10,C
S00917,28,Female,17,Reading/Writing,5,No,77,49,66,Yes,Medium,12,6,D
S00918,29,Male,13,Reading/Writing,9,No,95,91,96,Yes,High,24,10,A
S00919,28,Male,41,Reading/Writing,3,Yes,93,91,76,Yes,Low,7,5,A
S00920,25,Female,5,Reading/Writing,2,No,88,93,90,No,High,27,6,A
S00921,24,Male,10,Auditory,17,No,96,98,67,No,Medium,1,7,A
S00922,27,Female,23,Kinesthetic,13,Yes,95,86,58,No,Medium,8,8,A
S00923,20,Male,28,Reading/Writing,0,No,85,68,76,Yes,Medium,8,5,C
S00924,19,Female,28,Auditory,17,Yes,87,64,62,No,Low,22,7,C
S00925,19,Other,44,Visual,8,Yes,54,73,58,No,Low,5,4,B
S00926,20,Female,7,Kinesthetic,2,No,55,86,87,Yes,High,9,6,A
S00927,23,Female,9,Visual,4,No,85,85,84,Yes,Low,11,4,A
S00928,29,Male,5,Auditory,6,Yes,94,41,59,Yes,Medium,5,6,D
S00929,21,Female,10,Auditory,4,No,96,96,87,No,Medium,27,9,A
S00930,22,Male,13,Auditory,2,No,70,86,50,Yes,Medium,15,6,A
S00931,28,Male,10,Kinesthetic,2,No,64,42,88,Yes,High,20,8,D
S00932,26,Male,42,Reading/Writing,15,No,82,42,56,No,High,5,5,D
S00933,25,Male,39,Visual,1,No,67,50,58,No,Medium,16,7,D
S00934,28,Female,25,Visual,7,Yes,61,59,67,Yes,Low,3,8,C
S00935,28,Female,43,Auditory,4,No,91,40,69,No,Low,22,9,D
S00936,22,Male,40,Visual,18,Yes,89,56,76,Yes,Medium,19,5,C
S00937,21,Other,35,Kinesthetic,15,Yes,86,46,79,No,Low,13,7,D
S00938,26,Female,18,Visual,4,No,92,71,91,Yes,Medium,11,7,B
S00939,18,Female,42,Kinesthetic,4,Yes,84,43,58,No,Low,2,6,D
S00940,25,Female,39,Auditory,14,Yes,61,49,64,No,Medium,20,8,D
S00941,18,Female,6,Visual,6,Yes,97,63,68,Yes,Medium,20,4,C
S00942,23,Female,13,Auditory,13,No,99,75,57,Yes,Medium,23,7,B
S00943,27,Male,28,Visual,7,No,79,97,66,Yes,Medium,25,10,A
S00944,29,Male,27,Visual,20,Yes,62,58,95,No,Low,30,10,C
S00945,29,Female,39,Visual,1,No,77,93,98,Yes,High,22,7,A
S00946,21,Male,28,Visual,15,Yes,52,94,100,Yes,Medium,5,7,A
S00947,28,Male,40,Reading/Writing,10,No,51,61,78,Yes,Low,6,4,C
S00948,26,Male,32,Visual,15,Yes,59,80,78,Yes,Medium,26,7,B
S00949,20,Female,18,Visual,0,Yes,55,59,59,Yes,Low,25,9,C
S00950,29,Male,33,Auditory,15,No,63,94,83,No,Low,29,7,A
S00951,23,Male,16,Visual,1,Yes,69,59,82,Yes,High,10,4,C
S00952,22,Male,6,Auditory,18,No,83,71,69,No,High,1,8,B
S00953,19,Female,9,Visual,4,No,100,97,86,Yes,Medium,1,5,A
S00954,19,Male,47,Visual,18,No,59,100,63,No,Low,0,6,A
S00955,25,Male,42,Auditory,16,Yes,58,85,62,Yes,Low,26,7,A
S00956,24,Male,34,Auditory,7,Yes,54,93,100,No,High,23,5,A
S00957,23,Female,30,Kinesthetic,4,Yes,69,74,96,No,Low,9,5,B
S00958,26,Female,15,Auditory,5,Yes,92,63,66,Yes,High,13,9,C
S00959,29,Female,27,Visual,18,Yes,90,46,88,Yes,Medium,27,4,D
S00960,26,Female,17,Auditory,4,Yes,87,81,62,No,Low,20,5,B
S00961,21,Female,16,Auditory,12,Yes,98,51,92,Yes,Medium,18,7,D
S00962,25,Male,11,Reading/Writing,4,Yes,59,77,78,No,Low,12,5,B
S00963,23,Male,21,Kinesthetic,10,Yes,85,55,79,Yes,Medium,5,4,C
S00964,25,Female,29,Kinesthetic,0,Yes,91,45,62,Yes,High,28,4,D
S00965,24,Female,38,Kinesthetic,9,Yes,75,64,97,Yes,Low,7,6,C
S00966,25,Male,36,Auditory,13,Yes,62,59,80,Yes,Low,2,4,C
S00967,23,Male,21,Kinesthetic,11,No,98,81,85,Yes,Medium,7,8,B
S00968,26,Female,15,Auditory,18,Yes,66,46,69,Yes,Medium,1,8,D
S00969,18,Other,38,Auditory,5,Yes,74,86,98,No,Medium,23,6,A
S00970,20,Female,26,Reading/Writing,0,Yes,68,63,95,Yes,High,4,8,C
S00971,19,Male,20,Kinesthetic,0,No,65,54,93,No,Medium,12,9,D
S00972,28,Female,33,Visual,17,Yes,70,65,95,Yes,High,10,6,C
S00973,28,Male,8,Kinesthetic,16,Yes,63,97,79,Yes,High,18,8,A
S00974,26,Male,25,Reading/Writing,20,Yes,60,83,88,No,High,21,5,B
S00975,19,Male,43,Reading/Writing,3,No,86,93,63,Yes,Medium,9,5,A
S00976,19,Female,14,Reading/Writing,0,No,61,93,52,Yes,Low,15,10,A
S00977,21,Male,47,Reading/Writing,11,Yes,66,91,99,Yes,Low,17,8,A
S00978,19,Male,8,Kinesthetic,3,Yes,91,50,64,Yes,Medium,23,9,D
S00979,18,Other,41,Visual,7,Yes,92,82,72,No,High,7,8,B
S00980,21,Male,15,Kinesthetic,3,No,61,55,72,No,Medium,2,5,C
S00981,25,Female,21,Reading/Writing,13,Yes,94,61,72,Yes,Low,5,7,C
S00982,20,Female,18,Visual,19,Yes,79,98,84,No,High,8,4,A
S00983,23,Male,23,Auditory,11,No,86,77,97,Yes,Medium,5,4,B
S00984,19,Male,46,Auditory,18,No,75,64,94,Yes,Medium,9,8,C
S00985,25,Female,15,Reading/Writing,1,Yes,69,66,68,No,Low,23,5,C
S00986,18,Male,38,Auditory,18,Yes,73,69,66,Yes,High,0,4,C
S00987,20,Male,48,Auditory,17,Yes,77,41,85,Yes,High,15,10,D
S00988,26,Male,45,Reading/Writing,4,No,91,65,60,Yes,High,0,7,C
S00989,20,Female,48,Kinesthetic,19,No,56,40,80,Yes,Medium,27,7,D
S00990,22,Male,37,Kinesthetic,20,Yes,90,85,97,Yes,High,27,7,A
S00991,26,Male,22,Kinesthetic,0,No,100,92,80,Yes,High,21,6,A
S00992,29,Female,20,Kinesthetic,4,Yes,95,68,82,No,Low,11,7,C
S00993,19,Female,5,Visual,17,No,53,53,50,Yes,High,26,5,D
S00994,25,Male,16,Reading/Writing,2,No,52,89,89,No,Medium,8,7,A
S00995,28,Female,32,Visual,11,No,82,92,73,Yes,Medium,10,7,A
S00996,24,Female,30,Kinesthetic,12,Yes,90,70,74,Yes,Low,28,6,B
S00997,21,Other,11,Reading/Writing,15,No,73,48,68,Yes,Medium,27,4,D
S00998,20,Male,11,Kinesthetic,15,No,69,85,62,Yes,Low,21,5,A
S00999,23,Female,22,Auditory,14,No,78,47,68,Yes,Medium,16,9,D
S01000,29,Male,14,Auditory,15,No,94,90,73,Yes,High,30,5,A
